{
  "config": {
    "lc_seeds": [
      0,
      1,
      2
    ],
    "lc_iterations": 5,
    "lc_init_random_steps": 1000,
    "lc_episodes_per_iter": 3,
    "eval_episodes": 15,
    "dataset_size": 8000,
    "horizons": [
      10,
      20,
      30
    ],
    "sequence_counts": [
      50,
      200,
      500
    ],
    "hidden_sizes": [
      16,
      64,
      256
    ],
    "data_sizes": [
      500,
      2000,
      8000
    ]
  },
  "learning_curves": {
    "random_shooting": [
      [
        [
          1000,
          1672,
          2512,
          3133,
          4259
        ],
        [
          224.0,
          280.0,
          207.0,
          375.3333333333333,
          272.6666666666667
        ]
      ],
      [
        [
          1000,
          1402,
          2318,
          3323,
          3965
        ],
        [
          134.0,
          305.3333333333333,
          335.0,
          214.0,
          220.66666666666666
        ]
      ],
      [
        [
          1000,
          1448,
          2205,
          2699,
          3735
        ],
        [
          149.33333333333334,
          252.33333333333334,
          164.66666666666666,
          345.3333333333333,
          272.3333333333333
        ]
      ]
    ],
    "cem": [
      [
        [
          1000,
          1871,
          2737,
          4133,
          5028
        ],
        [
          290.3333333333333,
          288.6666666666667,
          465.3333333333333,
          298.3333333333333,
          467.6666666666667
        ]
      ],
      [
        [
          1000,
          1748,
          3058,
          4249,
          5349
        ],
        [
          249.33333333333334,
          436.6666666666667,
          397.0,
          366.6666666666667,
          380.6666666666667
        ]
      ],
      [
        [
          1000,
          2129,
          3074,
          3922,
          4763
        ],
        [
          376.3333333333333,
          315.0,
          282.6666666666667,
          280.3333333333333,
          188.66666666666666
        ]
      ]
    ]
  },
  "default_model_val_mse": 4.851498670177534e-05,
  "baselines": {
    "random_policy": {
      "mean": 23.266666666666666,
      "std": 9.476051685990086,
      "returns": [
        18.0,
        29.0,
        14.0,
        15.0,
        11.0,
        39.0,
        30.0,
        11.0,
        27.0,
        16.0,
        22.0,
        36.0,
        31.0,
        14.0,
        36.0
      ]
    },
    "learned_random_shooting": {
      "mean": 257.73333333333335,
      "std": 111.11763536400912,
      "returns": [
        116.0,
        500.0,
        206.0,
        344.0,
        200.0,
        226.0,
        247.0,
        214.0,
        218.0,
        262.0,
        137.0,
        178.0,
        193.0,
        500.0,
        325.0
      ]
    },
    "oracle_random_shooting": {
      "mean": 228.4,
      "std": 94.85483646077306,
      "returns": [
        116.0,
        500.0,
        222.0,
        191.0,
        160.0,
        202.0,
        259.0,
        211.0,
        137.0,
        262.0,
        140.0,
        177.0,
        195.0,
        329.0,
        325.0
      ]
    },
    "learned_cem": {
      "mean": 300.3333333333333,
      "std": 131.6954398940559,
      "returns": [
        228.0,
        500.0,
        363.0,
        262.0,
        119.0,
        130.0,
        218.0,
        468.0,
        242.0,
        450.0,
        325.0,
        145.0,
        174.0,
        381.0,
        500.0
      ]
    },
    "oracle_cem": {
      "mean": 304.06666666666666,
      "std": 109.01221134451966,
      "returns": [
        359.0,
        244.0,
        330.0,
        435.0,
        194.0,
        182.0,
        322.0,
        500.0,
        186.0,
        494.0,
        285.0,
        168.0,
        204.0,
        266.0,
        392.0
      ]
    }
  },
  "horizon": {
    "random_shooting": {
      "10": {
        "mean": 226.6,
        "std": 113.30066195746608,
        "returns": [
          154.0,
          334.0,
          126.0,
          346.0,
          292.0,
          129.0,
          500.0,
          131.0,
          106.0,
          337.0,
          188.0,
          247.0,
          270.0,
          109.0,
          130.0
        ]
      },
      "20": {
        "mean": 257.73333333333335,
        "std": 111.11763536400912,
        "returns": [
          116.0,
          500.0,
          206.0,
          344.0,
          200.0,
          226.0,
          247.0,
          214.0,
          218.0,
          262.0,
          137.0,
          178.0,
          193.0,
          500.0,
          325.0
        ]
      },
      "30": {
        "mean": 227.26666666666668,
        "std": 82.92845644824754,
        "returns": [
          159.0,
          280.0,
          500.0,
          148.0,
          144.0,
          245.0,
          198.0,
          249.0,
          220.0,
          268.0,
          190.0,
          225.0,
          190.0,
          203.0,
          190.0
        ]
      }
    },
    "cem": {
      "10": {
        "mean": 403.26666666666665,
        "std": 109.94572398334654,
        "returns": [
          500.0,
          365.0,
          307.0,
          500.0,
          500.0,
          500.0,
          193.0,
          251.0,
          243.0,
          500.0,
          382.0,
          500.0,
          328.0,
          500.0,
          480.0
        ]
      },
      "20": {
        "mean": 300.3333333333333,
        "std": 131.6954398940559,
        "returns": [
          228.0,
          500.0,
          363.0,
          262.0,
          119.0,
          130.0,
          218.0,
          468.0,
          242.0,
          450.0,
          325.0,
          145.0,
          174.0,
          381.0,
          500.0
        ]
      },
      "30": {
        "mean": 424.0,
        "std": 108.99969418917345,
        "returns": [
          500.0,
          400.0,
          372.0,
          500.0,
          500.0,
          141.0,
          500.0,
          500.0,
          500.0,
          245.0,
          360.0,
          342.0,
          500.0,
          500.0,
          500.0
        ]
      }
    }
  },
  "num_sequences": {
    "random_shooting": {
      "50": {
        "mean": 238.86666666666667,
        "std": 112.50355056125512,
        "returns": [
          172.0,
          210.0,
          215.0,
          327.0,
          139.0,
          478.0,
          142.0,
          156.0,
          152.0,
          497.0,
          236.0,
          300.0,
          209.0,
          121.0,
          229.0
        ]
      },
      "200": {
        "mean": 257.73333333333335,
        "std": 111.11763536400912,
        "returns": [
          116.0,
          500.0,
          206.0,
          344.0,
          200.0,
          226.0,
          247.0,
          214.0,
          218.0,
          262.0,
          137.0,
          178.0,
          193.0,
          500.0,
          325.0
        ]
      },
      "500": {
        "mean": 243.4,
        "std": 96.4508856016021,
        "returns": [
          500.0,
          205.0,
          372.0,
          159.0,
          210.0,
          204.0,
          201.0,
          212.0,
          215.0,
          125.0,
          309.0,
          208.0,
          268.0,
          336.0,
          127.0
        ]
      }
    },
    "cem": {
      "50": {
        "mean": 291.93333333333334,
        "std": 93.1167487023086,
        "returns": [
          354.0,
          209.0,
          360.0,
          162.0,
          183.0,
          326.0,
          500.0,
          256.0,
          293.0,
          292.0,
          454.0,
          183.0,
          252.0,
          272.0,
          283.0
        ]
      },
      "200": {
        "mean": 300.3333333333333,
        "std": 131.6954398940559,